Model,Validation Accuracy
Baseline,0.31109234234234234
Proposed,0.30489864864864863
